Seed,Infectivity rate (Beta),Sensitivity to death,Time to perceive,Days,Model
S1,0.299349,0,63.3477,Early-60 days,SEIRb
S2,0.510265,0.199705,16.3493,Early-60 days,SEIRb
S3,0.418272,0.525903,16.8104,Early-60 days,SEIRb
S4,0.376523,0,64.9657,Early-60 days,SEIRb
S5,0.421663,0.176576,57.627,Early-60 days,SEIRb
S6,0.399398,0.0113201,21.0617,Early-60 days,SEIRb
S7,0.424906,0,77.2189,Early-60 days,SEIRb
S8,0.439294,0.546906,64.1304,Early-60 days,SEIRb
S9,0.571195,0.90009,76.2172,Early-60 days,SEIRb
S10,0.411583,0.161806,1.11058,Early-60 days,SEIRb
S11,0.342194,0,52.8381,Early-60 days,SEIRb
S12,0.619751,0.205715,16.8997,Early-60 days,SEIRb
S13,0.520715,0.910766,88.0623,Early-60 days,SEIRb
S14,0.369918,0,6.10956,Early-60 days,SEIRb
S15,0.33546,0,58.1324,Early-60 days,SEIRb
S16,0.411405,0.477687,9.984,Early-60 days,SEIRb
S17,0.431,1.5,21.8925,Early-60 days,SEIRb
S18,0.473781,0.354816,1.46867,Early-60 days,SEIRb
S19,0.439013,0.251156,93.2922,Early-60 days,SEIRb
S20,0.325077,0,84.5951,Early-60 days,SEIRb
S21,0.447303,0.0060598,60.2922,Early-60 days,SEIRb
S22,0.439722,0.529921,22.7757,Early-60 days,SEIRb
S23,0.429032,0.968689,41.3538,Early-60 days,SEIRb
S24,0.460226,0.419339,51.5914,Early-60 days,SEIRb
S25,0.386904,1.5,43.0972,Early-60 days,SEIRb
S26,0.290275,0,11.6459,Early-60 days,SEIRb
S27,0.545375,0.41256,45.5182,Early-60 days,SEIRb
S28,0.360109,0.000435479,100,Early-60 days,SEIRb
S29,0.394454,0,40.4007,Early-60 days,SEIRb
S30,0.306455,0,98.2561,Early-60 days,SEIRb
S31,0.431885,0,90.9215,Early-60 days,SEIRb
S32,0.431107,0.840789,86.5428,Early-60 days,SEIRb
S33,0.235182,0,33.1262,Early-60 days,SEIRb
S34,0.535165,0.100035,12.358,Early-60 days,SEIRb
S35,0.445291,0.0136493,6.48648,Early-60 days,SEIRb
S36,0.413162,0,49.504,Early-60 days,SEIRb
S37,0.376848,0,54.2233,Early-60 days,SEIRb
S38,0.290129,0,42.6299,Early-60 days,SEIRb
S39,0.48713,0.315149,37.3715,Early-60 days,SEIRb
S40,0.479336,1.46535,23.7014,Early-60 days,SEIRb
S41,0.48824,1.14933,37.5817,Early-60 days,SEIRb
S42,0.262936,0.000205674,100,Early-60 days,SEIRb
S43,0.453218,0,42.6246,Early-60 days,SEIRb
S44,0.513563,1.48247,98.8029,Early-60 days,SEIRb
S45,0.495779,0.12493,12.2224,Early-60 days,SEIRb
S46,0.288893,0,23.7398,Early-60 days,SEIRb
S47,0.382645,0,26.3674,Early-60 days,SEIRb
S48,0.354928,0.682862,15.5187,Early-60 days,SEIRb
S49,0.408452,0,59.7256,Early-60 days,SEIRb
S50,0.233429,2.78E-17,0.25855,Early-60 days,SEIRb
S51,0.292322,0,91.0143,Early-60 days,SEIRb
S52,0.454693,0.544973,41.985,Early-60 days,SEIRb
S53,0.509011,0.618367,96.313,Early-60 days,SEIRb
S54,0.389716,0,92.8406,Early-60 days,SEIRb
S55,0.364775,1.5,21.3502,Early-60 days,SEIRb
S56,0.531101,0.490815,47.9712,Early-60 days,SEIRb
S57,0.207929,5.55E-17,15.3159,Early-60 days,SEIRb
S58,0.349821,1.5,68.6799,Early-60 days,SEIRb
S59,0.333824,0.107916,47.1554,Early-60 days,SEIRb
S60,0.399466,0,78.4781,Early-60 days,SEIRb
S61,0.372072,1.39533,8.79064,Early-60 days,SEIRb
S62,0.331771,0,98.8376,Early-60 days,SEIRb
S63,0.258939,0,43.6301,Early-60 days,SEIRb
S64,0.433508,1.2449,3.34456,Early-60 days,SEIRb
S65,0.468211,0.154682,95.4147,Early-60 days,SEIRb
S66,0.343076,0,80.5711,Early-60 days,SEIRb
S67,0.398006,1.24369,25.0369,Early-60 days,SEIRb
S68,0.360302,0,43.2876,Early-60 days,SEIRb
S69,0.451869,0.0911765,2.85294,Early-60 days,SEIRb
S70,0.352099,0.0632356,2.24938,Early-60 days,SEIRb
S71,0.42419,0,98.477,Early-60 days,SEIRb
S72,0.465952,0.127209,52.2878,Early-60 days,SEIRb
S73,0.278848,0,10.3645,Early-60 days,SEIRb
S74,0.388529,1.45556,3.33142,Early-60 days,SEIRb
S75,0.468367,0.115098,16.0264,Early-60 days,SEIRb
S76,0.307639,0,16.5143,Early-60 days,SEIRb
S77,0.363387,1.49398,1.43764,Early-60 days,SEIRb
S78,0.436126,0.271204,11.5876,Early-60 days,SEIRb
S79,0.564331,0.664613,73.5497,Early-60 days,SEIRb
S80,0.370214,0,44.5613,Early-60 days,SEIRb
S81,0.341726,0.0879364,21.3752,Early-60 days,SEIRb
S82,0.420435,1.47847,29.5721,Early-60 days,SEIRb
S83,0.421413,0,72.633,Early-60 days,SEIRb
S84,0.364303,1.4837,0.0333492,Early-60 days,SEIRb
S85,0.36439,0,60.6768,Early-60 days,SEIRb
S86,0.458409,0.243658,32.4383,Early-60 days,SEIRb
S87,0.480646,0.265071,55.0491,Early-60 days,SEIRb
S88,0.338999,0.39081,36.0724,Early-60 days,SEIRb
S89,0.33747,0,28.618,Early-60 days,SEIRb
S90,0.376431,0,51.3978,Early-60 days,SEIRb
S91,0.451149,1.46773,36.9269,Early-60 days,SEIRb
S92,0.45457,0.152247,19.3958,Early-60 days,SEIRb
S93,0.410965,0.175708,42.1277,Early-60 days,SEIRb
S94,0.31705,0,60.3119,Early-60 days,SEIRb
S95,0.337704,0,74.3204,Early-60 days,SEIRb
S96,0.360173,1.5,15.5153,Early-60 days,SEIRb
S97,0.459411,0.0954287,71.7807,Early-60 days,SEIRb
S98,0.356267,0,34.2695,Early-60 days,SEIRb
S99,0.394321,1.24565,5.8403,Early-60 days,SEIRb
S100,0.32737,0,46.0464,Early-60 days,SEIRb
S1,0.29915,0.128097,34.543,Mid-120 days,SEIRb
S2,0.509961,0.368012,34.6688,Mid-120 days,SEIRb
S3,0.387233,0.207825,16.8192,Mid-120 days,SEIRb
S4,0.41804,0.365436,62.9883,Mid-120 days,SEIRb
S5,0.428236,0.288252,34.1505,Mid-120 days,SEIRb
S6,0.403188,0.31727,34.731,Mid-120 days,SEIRb
S7,0.447569,0.389272,61.7314,Mid-120 days,SEIRb
S8,0.442246,0.269899,19.9066,Mid-120 days,SEIRb
S9,0.567355,0.428687,35.1362,Mid-120 days,SEIRb
S10,0.37497,0.392406,34.1514,Mid-120 days,SEIRb
S11,0.350015,0.247812,35.1368,Mid-120 days,SEIRb
S12,0.615176,0.361162,34.8094,Mid-120 days,SEIRb
S13,0.525066,0.424295,35.2876,Mid-120 days,SEIRb
S14,0.397749,0.373953,59.0957,Mid-120 days,SEIRb
S15,0.347366,0.26998,35.1458,Mid-120 days,SEIRb
S16,0.398815,0.259574,36.1625,Mid-120 days,SEIRb
S17,0.376465,0.410966,35.2664,Mid-120 days,SEIRb
S18,0.485036,0.470568,2.62479,Mid-120 days,SEIRb
S19,0.455444,0.525666,66.4778,Mid-120 days,SEIRb
S20,0.34514,0.18724,35.2238,Mid-120 days,SEIRb
S21,0.472354,0.5338,77.7116,Mid-120 days,SEIRb
S22,0.422995,0.394726,34.9464,Mid-120 days,SEIRb
S23,0.405148,0.300106,21.0331,Mid-120 days,SEIRb
S24,0.459942,0.317431,36.2834,Mid-120 days,SEIRb
S25,0.37808,0.478759,53.4377,Mid-120 days,SEIRb
S26,0.304629,0.0337585,35.2355,Mid-120 days,SEIRb
S27,0.550557,0.35424,35.705,Mid-120 days,SEIRb
S28,0.370339,0.256454,35.1907,Mid-120 days,SEIRb
S29,0.406899,0.102939,0.0362703,Mid-120 days,SEIRb
S30,0.328158,0.770557,47.2138,Mid-120 days,SEIRb
S31,0.45234,0.36259,64.2926,Mid-120 days,SEIRb
S32,0.430968,0.29119,33.6592,Mid-120 days,SEIRb
S33,0.278545,0.167393,34.5942,Mid-120 days,SEIRb
S34,0.549132,0.649305,84.0025,Mid-120 days,SEIRb
S35,0.467094,0.544556,65.3195,Mid-120 days,SEIRb
S36,0.433481,0.363439,63.4457,Mid-120 days,SEIRb
S37,0.4128,0.588012,72.9199,Mid-120 days,SEIRb
S38,0.318544,0.137676,34.8502,Mid-120 days,SEIRb
S39,0.490958,0.337413,35.1776,Mid-120 days,SEIRb
S40,0.426704,0.167646,0.0423064,Mid-120 days,SEIRb
S41,0.493685,0.389791,7.78543,Mid-120 days,SEIRb
S42,0.29792,0,36.2672,Mid-120 days,SEIRb
S43,0.479003,0.51364,74.2145,Mid-120 days,SEIRb
S44,0.493562,0.260111,18.0287,Mid-120 days,SEIRb
S45,0.497847,0.433119,55.6093,Mid-120 days,SEIRb
S46,0.30943,0,32.6909,Mid-120 days,SEIRb
S47,0.409504,0.376325,58.9094,Mid-120 days,SEIRb
S48,0.335875,0.218603,34.7561,Mid-120 days,SEIRb
S49,0.436422,0.372475,66.6373,Mid-120 days,SEIRb
S50,0.277504,0,38.2509,Mid-120 days,SEIRb
S51,0.349197,0.197543,35.3672,Mid-120 days,SEIRb
S52,0.450058,0.350576,35.009,Mid-120 days,SEIRb
S53,0.518278,0.459037,56.8347,Mid-120 days,SEIRb
S54,0.396024,0.377925,35.3668,Mid-120 days,SEIRb
S55,0.346089,0.496532,34.8722,Mid-120 days,SEIRb
S56,0.531945,0.371213,34.1492,Mid-120 days,SEIRb
S57,0.292392,0,35.7835,Mid-120 days,SEIRb
S58,0.333663,0.30403,35.4392,Mid-120 days,SEIRb
S59,0.318246,0.304932,34.7472,Mid-120 days,SEIRb
S60,0.410702,0.264014,22.6944,Mid-120 days,SEIRb
S61,0.350575,0.338325,34.8074,Mid-120 days,SEIRb
S62,0.346593,0.478147,35.063,Mid-120 days,SEIRb
S63,0.334344,0.0190538,36.0143,Mid-120 days,SEIRb
S64,0.322615,0.241811,34.0593,Mid-120 days,SEIRb
S65,0.492741,0.538145,75.3195,Mid-120 days,SEIRb
S66,0.347247,0.134156,34.1273,Mid-120 days,SEIRb
S67,0.373445,0.244646,35.4878,Mid-120 days,SEIRb
S68,0.393319,0.374981,58.3993,Mid-120 days,SEIRb
S69,0.451826,0.145647,6.79448,Mid-120 days,SEIRb
S70,0.336591,0.118797,37.6113,Mid-120 days,SEIRb
S71,0.447106,0.620763,72.6485,Mid-120 days,SEIRb
S72,0.488749,0.559359,70.6436,Mid-120 days,SEIRb
S73,0.301628,0,34.9909,Mid-120 days,SEIRb
S74,0.334924,0.39242,35.558,Mid-120 days,SEIRb
S75,0.476431,0.434162,56.3896,Mid-120 days,SEIRb
S76,0.309274,0.101518,34.6126,Mid-120 days,SEIRb
S77,0.316486,0.526032,30.1644,Mid-120 days,SEIRb
S78,0.417828,0.334162,35.573,Mid-120 days,SEIRb
S79,0.571878,0.600897,60.0704,Mid-120 days,SEIRb
S80,0.397104,0.402818,56.5094,Mid-120 days,SEIRb
S81,0.328069,0.1867,36.1778,Mid-120 days,SEIRb
S82,0.365089,0.208468,18.141,Mid-120 days,SEIRb
S83,0.445421,0.558543,73.9608,Mid-120 days,SEIRb
S84,0.310922,0.518712,34.2742,Mid-120 days,SEIRb
S85,0.400145,0.722728,73.1334,Mid-120 days,SEIRb
S86,0.454546,0.2954,33.8566,Mid-120 days,SEIRb
S87,0.492884,0.389447,48.7127,Mid-120 days,SEIRb
S88,0.344302,0.222401,35.6143,Mid-120 days,SEIRb
S89,0.340597,0.210921,33.6971,Mid-120 days,SEIRb
S90,0.39834,0.41248,57.7205,Mid-120 days,SEIRb
S91,0.405003,0.368704,34.5422,Mid-120 days,SEIRb
S92,0.462623,0.364549,34.6818,Mid-120 days,SEIRb
S93,0.417936,0.334917,37.6366,Mid-120 days,SEIRb
S94,0.348531,0.180992,35.0669,Mid-120 days,SEIRb
S95,0.359642,0.215459,35.5528,Mid-120 days,SEIRb
S96,0.333543,0.618241,23.0413,Mid-120 days,SEIRb
S97,0.480289,0.438615,66.9164,Mid-120 days,SEIRb
S98,0.370084,0.264421,35.5724,Mid-120 days,SEIRb
S99,0.34455,0.448629,17.1948,Mid-120 days,SEIRb
S100,0.333447,0.215244,36.3764,Mid-120 days,SEIRb
S1,0.310765,0.321383,36.1937,Late-365 days,SEIRb
S2,0.505857,0.550201,54.4957,Late-365 days,SEIRb
S3,0.382234,0.523998,61.8409,Late-365 days,SEIRb
S4,0.421492,0.419765,68.3343,Late-365 days,SEIRb
S5,0.424475,0.565725,70.9198,Late-365 days,SEIRb
S6,0.403512,0.491502,58.6281,Late-365 days,SEIRb
S7,0.447904,0.337041,40.9122,Late-365 days,SEIRb
S8,0.437991,0.523509,45.4139,Late-365 days,SEIRb
S9,0.562618,0.498678,32.1616,Late-365 days,SEIRb
S10,0.37578,0.536995,51.4244,Late-365 days,SEIRb
S11,0.35577,0.48261,71.4252,Late-365 days,SEIRb
S12,0.612945,0.417842,30.8161,Late-365 days,SEIRb
S13,0.520309,0.640023,55.323,Late-365 days,SEIRb
S14,0.403616,0.473255,70.9313,Late-365 days,SEIRb
S15,0.346319,0.477764,74.9123,Late-365 days,SEIRb
S16,0.40232,0.509843,74.6757,Late-365 days,SEIRb
S17,0.370495,0.655681,71.5284,Late-365 days,SEIRb
S18,0.283472,0.390564,46.1639,Late-365 days,SEIRb
S19,0.456451,0.454702,54.8822,Late-365 days,SEIRb
S20,0.355084,0.379686,63.1513,Late-365 days,SEIRb
S21,0.474101,0.488001,69.6695,Late-365 days,SEIRb
S22,0.423913,0.572515,57.6724,Late-365 days,SEIRb
S23,0.399965,0.547288,53.3452,Late-365 days,SEIRb
S24,0.458385,0.562677,71.1881,Late-365 days,SEIRb
S25,0.384773,0.484068,51.8196,Late-365 days,SEIRb
S26,0.327629,0.389184,55.8806,Late-365 days,SEIRb
S27,0.547227,0.398681,29.8174,Late-365 days,SEIRb
S28,0.380228,0.373388,47.8398,Late-365 days,SEIRb
S29,0.376215,0.424969,45.5653,Late-365 days,SEIRb
S30,0.305313,0.502482,56.0012,Late-365 days,SEIRb
S31,0.452847,0.436551,75.0451,Late-365 days,SEIRb
S32,0.42629,0.378271,35.2073,Late-365 days,SEIRb
S33,0.28495,0.280077,53.5992,Late-365 days,SEIRb
S34,0.545104,0.375957,34.7725,Late-365 days,SEIRb
S35,0.465923,0.407303,35.1883,Late-365 days,SEIRb
S36,0.434408,0.474186,81.9885,Late-365 days,SEIRb
S37,0.419786,0.526973,67.0449,Late-365 days,SEIRb
S38,0.331693,0.351027,43.0491,Late-365 days,SEIRb
S39,0.489323,0.585708,69.1521,Late-365 days,SEIRb
S40,0.387458,0.463846,30.9451,Late-365 days,SEIRb
S41,0.460461,0.69854,22.2376,Late-365 days,SEIRb
S42,0.320275,0.347969,72.9668,Late-365 days,SEIRb
S43,0.475469,0.363557,38.6987,Late-365 days,SEIRb
S44,0.4868,0.650042,62.5499,Late-365 days,SEIRb
S45,0.495972,0.356045,32.5168,Late-365 days,SEIRb
S46,0.33353,0.29417,80.3787,Late-365 days,SEIRb
S47,0.410062,0.550906,82.9963,Late-365 days,SEIRb
S48,0.342353,0.413855,63.416,Late-365 days,SEIRb
S49,0.439173,0.487546,87.0737,Late-365 days,SEIRb
S50,0.305137,0.269402,54.3161,Late-365 days,SEIRb
S51,0.355493,0.459581,76.7473,Late-365 days,SEIRb
S52,0.456428,0.488884,56.5224,Late-365 days,SEIRb
S53,0.5119,0.761664,87.17,Late-365 days,SEIRb
S54,0.392844,0.480801,47.9104,Late-365 days,SEIRb
S55,0.353651,0.599315,57.381,Late-365 days,SEIRb
S56,0.528996,0.447251,32.3183,Late-365 days,SEIRb
S57,0.320756,0.255406,67.5659,Late-365 days,SEIRb
S58,0.33579,0.633568,84.8103,Late-365 days,SEIRb
S59,0.319264,0.433001,66.8801,Late-365 days,SEIRb
S60,0.40521,0.442903,38.4864,Late-365 days,SEIRb
S61,0.347886,0.382652,43.8423,Late-365 days,SEIRb
S62,0.321353,0.45896,60.4908,Late-365 days,SEIRb
S63,0.355976,0.3539,97.668,Late-365 days,SEIRb
S64,0.330079,0.370905,39.0469,Late-365 days,SEIRb
S65,0.488798,0.559776,72.6648,Late-365 days,SEIRb
S66,0.359879,0.322453,59.5752,Late-365 days,SEIRb
S67,0.376673,0.44036,62.7602,Late-365 days,SEIRb
S68,0.396852,0.553567,85.6377,Late-365 days,SEIRb
S69,0.432062,0.61871,66.3833,Late-365 days,SEIRb
S70,0.350467,0.328033,62.7424,Late-365 days,SEIRb
S71,0.446477,0.687671,80.1836,Late-365 days,SEIRb
S72,0.488852,0.572608,71.9244,Late-365 days,SEIRb
S73,0.320931,0.329221,65.0033,Late-365 days,SEIRb
S74,0.328314,0.451268,51.1702,Late-365 days,SEIRb
S75,0.476692,0.542061,72.1167,Late-365 days,SEIRb
S76,0.323789,0.324971,55.3711,Late-365 days,SEIRb
S77,0.297505,0.322393,42.7058,Late-365 days,SEIRb
S78,0.421203,0.476787,55.4712,Late-365 days,SEIRb
S79,0.567848,0.670634,64.5038,Late-365 days,SEIRb
S80,0.404452,0.410931,53.3647,Late-365 days,SEIRb
S81,0.33495,0.332824,47.2739,Late-365 days,SEIRb
S82,0.362961,0.481464,60.6763,Late-365 days,SEIRb
S83,0.449515,0.453771,57.7485,Late-365 days,SEIRb
S84,0.282567,0.371955,40.1312,Late-365 days,SEIRb
S85,0.405683,0.428084,38.6877,Late-365 days,SEIRb
S86,0.453822,0.48548,58.197,Late-365 days,SEIRb
S87,0.489433,0.386576,35.8771,Late-365 days,SEIRb
S88,0.353333,0.379198,48.6685,Late-365 days,SEIRb
S89,0.347052,0.352775,51.7448,Late-365 days,SEIRb
S90,0.400919,0.556174,76.8938,Late-365 days,SEIRb
S91,0.400077,0.393374,30.6659,Late-365 days,SEIRb
S92,0.458667,0.684413,69.5704,Late-365 days,SEIRb
S93,0.419709,0.528149,63.1503,Late-365 days,SEIRb
S94,0.357768,0.346171,59.7584,Late-365 days,SEIRb
S95,0.368564,0.43262,65.5865,Late-365 days,SEIRb
S96,0.310628,0.424897,22.5978,Late-365 days,SEIRb
S97,0.481169,0.328311,38.1938,Late-365 days,SEIRb
S98,0.375939,0.414917,58.5556,Late-365 days,SEIRb
S99,0.335519,0.426016,17.7572,Late-365 days,SEIRb
S100,0.345923,0.390229,55.9787,Late-365 days,SEIRb
S1,0.299344,,,Early-60 days,SEIR
S2,0.470544,,,Early-60 days,SEIR
S3,0.39901,,,Early-60 days,SEIR
S4,0.376416,,,Early-60 days,SEIR
S5,0.418519,,,Early-60 days,SEIR
S6,0.398971,,,Early-60 days,SEIR
S7,0.424782,,,Early-60 days,SEIR
S8,0.427978,,,Early-60 days,SEIR
S9,0.48353,,,Early-60 days,SEIR
S10,0.395289,,,Early-60 days,SEIR
S11,0.342126,,,Early-60 days,SEIR
S12,0.498325,,,Early-60 days,SEIR
S13,0.473368,,,Early-60 days,SEIR
S14,0.370089,,,Early-60 days,SEIR
S15,0.335718,,,Early-60 days,SEIR
S16,0.390783,,,Early-60 days,SEIR
S17,0.387859,,,Early-60 days,SEIR
S18,0.408555,,,Early-60 days,SEIR
S19,0.434946,,,Early-60 days,SEIR
S20,0.32497,,,Early-60 days,SEIR
S21,0.447222,,,Early-60 days,SEIR
S22,0.416598,,,Early-60 days,SEIR
S23,0.408034,,,Early-60 days,SEIR
S24,0.444823,,,Early-60 days,SEIR
S25,0.373188,,,Early-60 days,SEIR
S26,0.29042,,,Early-60 days,SEIR
S27,0.488362,,,Early-60 days,SEIR
S28,0.35997,,,Early-60 days,SEIR
S29,0.394176,,,Early-60 days,SEIR
S30,0.306561,,,Early-60 days,SEIR
S31,0.431747,,,Early-60 days,SEIR
S32,0.420177,,,Early-60 days,SEIR
S33,0.235462,,,Early-60 days,SEIR
S34,0.495012,,,Early-60 days,SEIR
S35,0.443078,,,Early-60 days,SEIR
S36,0.413285,,,Early-60 days,SEIR
S37,0.377017,,,Early-60 days,SEIR
S38,0.290069,,,Early-60 days,SEIR
S39,0.462871,,,Early-60 days,SEIR
S40,0.406553,,,Early-60 days,SEIR
S41,0.42968,,,Early-60 days,SEIR
S42,0.263045,,,Early-60 days,SEIR
S43,0.452907,,,Early-60 days,SEIR
S44,0.458709,,,Early-60 days,SEIR
S45,0.468774,,,Early-60 days,SEIR
S46,0.288965,,,Early-60 days,SEIR
S47,0.382813,,,Early-60 days,SEIR
S48,0.347597,,,Early-60 days,SEIR
S49,0.408457,,,Early-60 days,SEIR
S50,0.233368,,,Early-60 days,SEIR
S51,0.29242,,,Early-60 days,SEIR
S52,0.434435,,,Early-60 days,SEIR
S53,0.479905,,,Early-60 days,SEIR
S54,0.389595,,,Early-60 days,SEIR
S55,0.350145,,,Early-60 days,SEIR
S56,0.479026,,,Early-60 days,SEIR
S57,0.207831,,,Early-60 days,SEIR
S58,0.34563,,,Early-60 days,SEIR
S59,0.333682,,,Early-60 days,SEIR
S60,0.399542,,,Early-60 days,SEIR
S61,0.347342,,,Early-60 days,SEIR
S62,0.331802,,,Early-60 days,SEIR
S63,0.258698,,,Early-60 days,SEIR
S64,0.364868,,,Early-60 days,SEIR
S65,0.463791,,,Early-60 days,SEIR
S66,0.342927,,,Early-60 days,SEIR
S67,0.377265,,,Early-60 days,SEIR
S68,0.360307,,,Early-60 days,SEIR
S69,0.433906,,,Early-60 days,SEIR
S70,0.350799,,,Early-60 days,SEIR
S71,0.424258,,,Early-60 days,SEIR
S72,0.459997,,,Early-60 days,SEIR
S73,0.278798,,,Early-60 days,SEIR
S74,0.346069,,,Early-60 days,SEIR
S75,0.454655,,,Early-60 days,SEIR
S76,0.307428,,,Early-60 days,SEIR
S77,0.330339,,,Early-60 days,SEIR
S78,0.417113,,,Early-60 days,SEIR
S79,0.492544,,,Early-60 days,SEIR
S80,0.370295,,,Early-60 days,SEIR
S81,0.340857,,,Early-60 days,SEIR
S82,0.38989,,,Early-60 days,SEIR
S83,0.421415,,,Early-60 days,SEIR
S84,0.327969,,,Early-60 days,SEIR
S85,0.364395,,,Early-60 days,SEIR
S86,0.445005,,,Early-60 days,SEIR
S87,0.466471,,,Early-60 days,SEIR
S88,0.337,,,Early-60 days,SEIR
S89,0.337236,,,Early-60 days,SEIR
S90,0.37666,,,Early-60 days,SEIR
S91,0.408827,,,Early-60 days,SEIR
S92,0.442662,,,Early-60 days,SEIR
S93,0.407641,,,Early-60 days,SEIR
S94,0.317075,,,Early-60 days,SEIR
S95,0.337422,,,Early-60 days,SEIR
S96,0.343913,,,Early-60 days,SEIR
S97,0.456153,,,Early-60 days,SEIR
S98,0.356216,,,Early-60 days,SEIR
S99,0.357137,,,Early-60 days,SEIR
S100,0.327557,,,Early-60 days,SEIR
S1,0.294159,,,Mid-120 days,SEIR
S2,0.304351,,,Mid-120 days,SEIR
S3,0.315609,,,Mid-120 days,SEIR
S4,0.326576,,,Mid-120 days,SEIR
S5,0.31861,,,Mid-120 days,SEIR
S6,0.317339,,,Mid-120 days,SEIR
S7,0.322458,,,Mid-120 days,SEIR
S8,0.308753,,,Mid-120 days,SEIR
S9,0.294212,,,Mid-120 days,SEIR
S10,0.311041,,,Mid-120 days,SEIR
S11,0.3176,,,Mid-120 days,SEIR
S12,0.29447,,,Mid-120 days,SEIR
S13,0.298482,,,Mid-120 days,SEIR
S14,0.324399,,,Mid-120 days,SEIR
S15,0.315113,,,Mid-120 days,SEIR
S16,0.323747,,,Mid-120 days,SEIR
S17,0.310523,,,Mid-120 days,SEIR
S18,0.28626,,,Mid-120 days,SEIR
S19,0.314022,,,Mid-120 days,SEIR
S20,0.320766,,,Mid-120 days,SEIR
S21,0.315346,,,Mid-120 days,SEIR
S22,0.310638,,,Mid-120 days,SEIR
S23,0.309534,,,Mid-120 days,SEIR
S24,0.315239,,,Mid-120 days,SEIR
S25,0.314999,,,Mid-120 days,SEIR
S26,0.302925,,,Mid-120 days,SEIR
S27,0.301009,,,Mid-120 days,SEIR
S28,0.32122,,,Mid-120 days,SEIR
S29,0.315705,,,Mid-120 days,SEIR
S30,0.2938,,,Mid-120 days,SEIR
S31,0.32495,,,Mid-120 days,SEIR
S32,0.318853,,,Mid-120 days,SEIR
S33,0.275717,,,Mid-120 days,SEIR
S34,0.302445,,,Mid-120 days,SEIR
S35,0.31119,,,Mid-120 days,SEIR
S36,0.326515,,,Mid-120 days,SEIR
S37,0.316287,,,Mid-120 days,SEIR
S38,0.309115,,,Mid-120 days,SEIR
S39,0.309098,,,Mid-120 days,SEIR
S40,0.305094,,,Mid-120 days,SEIR
S41,0.288021,,,Mid-120 days,SEIR
S42,0.298,,,Mid-120 days,SEIR
S43,0.314441,,,Mid-120 days,SEIR
S44,0.304702,,,Mid-120 days,SEIR
S45,0.310927,,,Mid-120 days,SEIR
S46,0.309292,,,Mid-120 days,SEIR
S47,0.324189,,,Mid-120 days,SEIR
S48,0.314359,,,Mid-120 days,SEIR
S49,0.326488,,,Mid-120 days,SEIR
S50,0.277153,,,Mid-120 days,SEIR
S51,0.321514,,,Mid-120 days,SEIR
S52,0.311815,,,Mid-120 days,SEIR
S53,0.306921,,,Mid-120 days,SEIR
S54,0.312883,,,Mid-120 days,SEIR
S55,0.301912,,,Mid-120 days,SEIR
S56,0.300883,,,Mid-120 days,SEIR
S57,0.292159,,,Mid-120 days,SEIR
S58,0.308139,,,Mid-120 days,SEIR
S59,0.300828,,,Mid-120 days,SEIR
S60,0.314419,,,Mid-120 days,SEIR
S61,0.311365,,,Mid-120 days,SEIR
S62,0.302891,,,Mid-120 days,SEIR
S63,0.331791,,,Mid-120 days,SEIR
S64,0.30595,,,Mid-120 days,SEIR
S65,0.312,,,Mid-120 days,SEIR
S66,0.326321,,,Mid-120 days,SEIR
S67,0.323362,,,Mid-120 days,SEIR
S68,0.324478,,,Mid-120 days,SEIR
S69,0.312898,,,Mid-120 days,SEIR
S70,0.323194,,,Mid-120 days,SEIR
S71,0.311497,,,Mid-120 days,SEIR
S72,0.310017,,,Mid-120 days,SEIR
S73,0.301309,,,Mid-120 days,SEIR
S74,0.304422,,,Mid-120 days,SEIR
S75,0.313763,,,Mid-120 days,SEIR
S76,0.303836,,,Mid-120 days,SEIR
S77,0.290412,,,Mid-120 days,SEIR
S78,0.316327,,,Mid-120 days,SEIR
S79,0.295186,,,Mid-120 days,SEIR
S80,0.321485,,,Mid-120 days,SEIR
S81,0.312697,,,Mid-120 days,SEIR
S82,0.31442,,,Mid-120 days,SEIR
S83,0.315839,,,Mid-120 days,SEIR
S84,0.289989,,,Mid-120 days,SEIR
S85,0.310531,,,Mid-120 days,SEIR
S86,0.315912,,,Mid-120 days,SEIR
S87,0.31189,,,Mid-120 days,SEIR
S88,0.317674,,,Mid-120 days,SEIR
S89,0.316555,,,Mid-120 days,SEIR
S90,0.321616,,,Mid-120 days,SEIR
S91,0.313559,,,Mid-120 days,SEIR
S92,0.309144,,,Mid-120 days,SEIR
S93,0.316986,,,Mid-120 days,SEIR
S94,0.322604,,,Mid-120 days,SEIR
S95,0.323124,,,Mid-120 days,SEIR
S96,0.288404,,,Mid-120 days,SEIR
S97,0.316596,,,Mid-120 days,SEIR
S98,0.32095,,,Mid-120 days,SEIR
S99,0.292964,,,Mid-120 days,SEIR
S100,0.313783,,,Mid-120 days,SEIR
S1,0.137693,,,Late-365 days,SEIR
S2,0.135847,,,Late-365 days,SEIR
S3,0.133871,,,Late-365 days,SEIR
S4,0.134092,,,Late-365 days,SEIR
S5,0.136495,,,Late-365 days,SEIR
S6,0.133492,,,Late-365 days,SEIR
S7,0.140161,,,Late-365 days,SEIR
S8,0.136223,,,Late-365 days,SEIR
S9,0.133806,,,Late-365 days,SEIR
S10,0.133935,,,Late-365 days,SEIR
S11,0.13589,,,Late-365 days,SEIR
S12,0.131709,,,Late-365 days,SEIR
S13,0.13588,,,Late-365 days,SEIR
S14,0.136432,,,Late-365 days,SEIR
S15,0.136992,,,Late-365 days,SEIR
S16,0.134808,,,Late-365 days,SEIR
S17,0.134514,,,Late-365 days,SEIR
S18,0.136184,,,Late-365 days,SEIR
S19,0.13623,,,Late-365 days,SEIR
S20,0.134816,,,Late-365 days,SEIR
S21,0.134497,,,Late-365 days,SEIR
S22,0.13238,,,Late-365 days,SEIR
S23,0.13683,,,Late-365 days,SEIR
S24,0.134678,,,Late-365 days,SEIR
S25,0.133029,,,Late-365 days,SEIR
S26,0.134113,,,Late-365 days,SEIR
S27,0.132311,,,Late-365 days,SEIR
S28,0.137084,,,Late-365 days,SEIR
S29,0.137401,,,Late-365 days,SEIR
S30,0.134859,,,Late-365 days,SEIR
S31,0.136778,,,Late-365 days,SEIR
S32,0.135113,,,Late-365 days,SEIR
S33,0.136277,,,Late-365 days,SEIR
S34,0.134105,,,Late-365 days,SEIR
S35,0.135692,,,Late-365 days,SEIR
S36,0.137798,,,Late-365 days,SEIR
S37,0.133706,,,Late-365 days,SEIR
S38,0.135708,,,Late-365 days,SEIR
S39,0.136017,,,Late-365 days,SEIR
S40,0.137335,,,Late-365 days,SEIR
S41,0.135275,,,Late-365 days,SEIR
S42,0.138439,,,Late-365 days,SEIR
S43,0.135034,,,Late-365 days,SEIR
S44,0.134422,,,Late-365 days,SEIR
S45,0.134212,,,Late-365 days,SEIR
S46,0.139581,,,Late-365 days,SEIR
S47,0.137256,,,Late-365 days,SEIR
S48,0.135661,,,Late-365 days,SEIR
S49,0.138174,,,Late-365 days,SEIR
S50,0.134964,,,Late-365 days,SEIR
S51,0.136765,,,Late-365 days,SEIR
S52,0.131684,,,Late-365 days,SEIR
S53,0.13369,,,Late-365 days,SEIR
S54,0.138765,,,Late-365 days,SEIR
S55,0.133709,,,Late-365 days,SEIR
S56,0.13361,,,Late-365 days,SEIR
S57,0.138318,,,Late-365 days,SEIR
S58,0.13773,,,Late-365 days,SEIR
S59,0.137773,,,Late-365 days,SEIR
S60,0.137673,,,Late-365 days,SEIR
S61,0.136072,,,Late-365 days,SEIR
S62,0.135381,,,Late-365 days,SEIR
S63,0.139069,,,Late-365 days,SEIR
S64,0.137713,,,Late-365 days,SEIR
S65,0.139059,,,Late-365 days,SEIR
S66,0.134813,,,Late-365 days,SEIR
S67,0.136911,,,Late-365 days,SEIR
S68,0.138115,,,Late-365 days,SEIR
S69,0.135052,,,Late-365 days,SEIR
S70,0.13483,,,Late-365 days,SEIR
S71,0.136336,,,Late-365 days,SEIR
S72,0.134394,,,Late-365 days,SEIR
S73,0.137264,,,Late-365 days,SEIR
S74,0.132467,,,Late-365 days,SEIR
S75,0.135069,,,Late-365 days,SEIR
S76,0.136362,,,Late-365 days,SEIR
S77,0.136785,,,Late-365 days,SEIR
S78,0.132361,,,Late-365 days,SEIR
S79,0.13439,,,Late-365 days,SEIR
S80,0.136917,,,Late-365 days,SEIR
S81,0.138556,,,Late-365 days,SEIR
S82,0.134619,,,Late-365 days,SEIR
S83,0.132642,,,Late-365 days,SEIR
S84,0.136457,,,Late-365 days,SEIR
S85,0.137247,,,Late-365 days,SEIR
S86,0.133696,,,Late-365 days,SEIR
S87,0.134827,,,Late-365 days,SEIR
S88,0.133626,,,Late-365 days,SEIR
S89,0.134261,,,Late-365 days,SEIR
S90,0.137085,,,Late-365 days,SEIR
S91,0.135765,,,Late-365 days,SEIR
S92,0.133098,,,Late-365 days,SEIR
S93,0.134562,,,Late-365 days,SEIR
S94,0.134688,,,Late-365 days,SEIR
S95,0.135247,,,Late-365 days,SEIR
S96,0.134969,,,Late-365 days,SEIR
S97,0.139502,,,Late-365 days,SEIR
S98,0.134024,,,Late-365 days,SEIR
S99,0.136875,,,Late-365 days,SEIR
S100,0.134536,,,Late-365 days,SEIR
S1,0.300182,0.275052,35.036,Early-60 days,SEIRb full
S2,0.505359,0.336242,35.215,Early-60 days,SEIRb full
S3,0.405204,0.329028,33.9724,Early-60 days,SEIRb full
S4,0.378679,0.193749,34.766,Early-60 days,SEIRb full
S5,0.425992,0.282949,35.6605,Early-60 days,SEIRb full
S6,0.403555,0.275827,35.4806,Early-60 days,SEIRb full
S7,0.432221,0.237113,35.6523,Early-60 days,SEIRb full
S8,0.43925,0.315475,36.0872,Early-60 days,SEIRb full
S9,0.55812,0.272558,22.1163,Early-60 days,SEIRb full
S10,0.400716,0.335221,34.523,Early-60 days,SEIRb full
S11,0.343716,0.270639,34.7948,Early-60 days,SEIRb full
S12,0.61533,0.368469,35.2158,Early-60 days,SEIRb full
S13,0.513702,0.356515,36.0764,Early-60 days,SEIRb full
S14,0.372517,0.260477,35.6354,Early-60 days,SEIRb full
S15,0.336873,0.286999,35.0666,Early-60 days,SEIRb full
S16,0.396328,0.401351,34.9548,Early-60 days,SEIRb full
S17,0.39401,0.416484,35.0528,Early-60 days,SEIRb full
S18,0.420246,0.458676,34.6522,Early-60 days,SEIRb full
S19,0.445625,0.262615,35.117,Early-60 days,SEIRb full
S20,0.32616,0.229738,35.0414,Early-60 days,SEIRb full
S21,0.460807,0.257718,35.2415,Early-60 days,SEIRb full
S22,0.426458,0.349972,34.946,Early-60 days,SEIRb full
S23,0.416627,0.36117,34.6148,Early-60 days,SEIRb full
S24,0.460756,0.317221,35.5652,Early-60 days,SEIRb full
S25,0.377128,0.37438,35.0216,Early-60 days,SEIRb full
S26,0.290007,0.348426,34.9388,Early-60 days,SEIRb full
S27,0.544041,0.324669,35.4734,Early-60 days,SEIRb full
S28,0.362186,0.261491,35.115,Early-60 days,SEIRb full
S29,0.39885,0.26531,34.7264,Early-60 days,SEIRb full
S30,0.307594,0.27832,34.9838,Early-60 days,SEIRb full
S31,0.44063,0.246115,35.1411,Early-60 days,SEIRb full
S32,0.430115,0.334399,35.5634,Early-60 days,SEIRb full
S33,0.235891,0.233453,36.197,Early-60 days,SEIRb full
S34,0.539356,0.389491,57.7867,Early-60 days,SEIRb full
S35,0.455326,0.262215,36.4472,Early-60 days,SEIRb full
S36,0.41938,0.247118,35.0002,Early-60 days,SEIRb full
S37,0.379654,0.240167,35.0126,Early-60 days,SEIRb full
S38,0.290861,0.254008,35.0072,Early-60 days,SEIRb full
S39,0.487663,0.305771,35.3924,Early-60 days,SEIRb full
S40,0.420362,0.0880861,0.0456491,Early-60 days,SEIRb full
S41,0.448168,0.295098,21.4971,Early-60 days,SEIRb full
S42,0.263175,0.289064,35,Early-60 days,SEIRb full
S43,0.465771,0.373793,62.9479,Early-60 days,SEIRb full
S44,0.491584,0.383995,34.0918,Early-60 days,SEIRb full
S45,0.498683,0.318705,35.7131,Early-60 days,SEIRb full
S46,0.289666,0.286841,34.955,Early-60 days,SEIRb full
S47,0.386093,0.262722,35.666,Early-60 days,SEIRb full
S48,0.349603,0.330286,34.9154,Early-60 days,SEIRb full
S49,0.413761,0.245213,34.057,Early-60 days,SEIRb full
S50,0.233239,0.313733,35.5562,Early-60 days,SEIRb full
S51,0.293226,0.196166,35,Early-60 days,SEIRb full
S52,0.448895,0.235401,22.0161,Early-60 days,SEIRb full
S53,0.512097,0.433248,60.0583,Early-60 days,SEIRb full
S54,0.393641,0.303498,35.5994,Early-60 days,SEIRb full
S55,0.352563,0.328184,35,Early-60 days,SEIRb full
S56,0.52445,0.340598,35.513,Early-60 days,SEIRb full
S57,0.208837,0.439556,77.8322,Early-60 days,SEIRb full
S58,0.347174,0.354362,35.1224,Early-60 days,SEIRb full
S59,0.334754,0.348248,35.207,Early-60 days,SEIRb full
S60,0.40411,0.280808,35.3384,Early-60 days,SEIRb full
S61,0.349033,0.418874,34.9118,Early-60 days,SEIRb full
S62,0.332796,0.318236,35.2866,Early-60 days,SEIRb full
S63,0.259216,0.208357,35.5922,Early-60 days,SEIRb full
S64,0.367919,0.536862,35,Early-60 days,SEIRb full
S65,0.48084,0.228611,35.773,Early-60 days,SEIRb full
S66,0.344757,0.247714,35.0097,Early-60 days,SEIRb full
S67,0.381464,0.382978,35.1334,Early-60 days,SEIRb full
S68,0.362258,0.264398,35,Early-60 days,SEIRb full
S69,0.447055,0.320778,34.9695,Early-60 days,SEIRb full
S70,0.352631,0.337859,35,Early-60 days,SEIRb full
S71,0.432751,0.262869,34.4366,Early-60 days,SEIRb full
S72,0.477235,0.240725,34.5576,Early-60 days,SEIRb full
S73,0.279768,0.264136,35.0036,Early-60 days,SEIRb full
S74,0.347165,0.503383,35,Early-60 days,SEIRb full
S75,0.472286,0.286634,36.5604,Early-60 days,SEIRb full
S76,0.308188,0.257361,34.973,Early-60 days,SEIRb full
S77,0.330446,0.486195,35,Early-60 days,SEIRb full
S78,0.426411,0.330337,35.6336,Early-60 days,SEIRb full
S79,0.559303,0.39529,44.0687,Early-60 days,SEIRb full
S80,0.372702,0.227514,35.144,Early-60 days,SEIRb full
S81,0.342288,0.304537,34.6922,Early-60 days,SEIRb full
S82,0.395873,0.310458,22.0191,Early-60 days,SEIRb full
S83,0.428838,0.264343,35.117,Early-60 days,SEIRb full
S84,0.328096,0.455157,35.1386,Early-60 days,SEIRb full
S85,0.366793,0.261467,34.6418,Early-60 days,SEIRb full
S86,0.459145,0.253122,32.4328,Early-60 days,SEIRb full
S87,0.488382,0.266308,35.4289,Early-60 days,SEIRb full
S88,0.338774,0.289341,35.0108,Early-60 days,SEIRb full
S89,0.338569,0.264519,35,Early-60 days,SEIRb full
S90,0.379467,0.251205,35.1062,Early-60 days,SEIRb full
S91,0.418469,0.292796,22.1937,Early-60 days,SEIRb full
S92,0.45598,0.284115,35.6658,Early-60 days,SEIRb full
S93,0.413881,0.301012,35.2196,Early-60 days,SEIRb full
S94,0.317768,0.250008,34.9604,Early-60 days,SEIRb full
S95,0.338953,0.279994,35.0054,Early-60 days,SEIRb full
S96,0.345912,0.346228,35.0972,Early-60 days,SEIRb full
S97,0.472288,0.251561,35.1198,Early-60 days,SEIRb full
S98,0.357909,0.318445,35.081,Early-60 days,SEIRb full
S99,0.359336,0.438604,35,Early-60 days,SEIRb full
S100,0.32849,0.306875,35.0108,Early-60 days,SEIRb full
S1,0.308847,0.679439,100,Mid-120 days,SEIRb full
S2,0.506852,0.457659,45.3587,Mid-120 days,SEIRb full
S3,0.384718,0.349538,36.0823,Mid-120 days,SEIRb full
S4,0.420301,0.576576,100,Mid-120 days,SEIRb full
S5,0.427426,0.650563,87.4194,Mid-120 days,SEIRb full
S6,0.402232,0.490187,58.37,Mid-120 days,SEIRb full
S7,0.448541,0.59737,97.677,Mid-120 days,SEIRb full
S8,0.435212,0.426609,37.407,Mid-120 days,SEIRb full
S9,0.563051,0.479289,40.5214,Mid-120 days,SEIRb full
S10,0.374236,0.394503,34.3032,Mid-120 days,SEIRb full
S11,0.354005,0.66996,100,Mid-120 days,SEIRb full
S12,0.61346,0.493704,50.0493,Mid-120 days,SEIRb full
S13,0.519842,0.460643,39.4553,Mid-120 days,SEIRb full
S14,0.402051,0.645914,100,Mid-120 days,SEIRb full
S15,0.347662,0.52916,81.7221,Mid-120 days,SEIRb full
S16,0.401903,0.658752,100,Mid-120 days,SEIRb full
S17,0.372036,0.315941,26.8489,Mid-120 days,SEIRb full
S18,0.350087,0.199714,0.0534908,Mid-120 days,SEIRb full
S19,0.454201,0.701896,91.6446,Mid-120 days,SEIRb full
S20,0.353216,0.56221,100,Mid-120 days,SEIRb full
S21,0.472515,0.657254,96.8253,Mid-120 days,SEIRb full
S22,0.419848,0.42468,38.8054,Mid-120 days,SEIRb full
S23,0.398661,0.377743,30.1063,Mid-120 days,SEIRb full
S24,0.459689,0.440973,53.6608,Mid-120 days,SEIRb full
S25,0.378171,0.750876,84.539,Mid-120 days,SEIRb full
S26,0.32147,0.673643,100,Mid-120 days,SEIRb full
S27,0.547652,0.501029,53.6575,Mid-120 days,SEIRb full
S28,0.375263,0.706109,100,Mid-120 days,SEIRb full
S29,0.381173,0.341584,35.9422,Mid-120 days,SEIRb full
S30,0.309555,0.276096,16.4529,Mid-120 days,SEIRb full
S31,0.454058,0.551802,100,Mid-120 days,SEIRb full
S32,0.430528,0.42545,53.496,Mid-120 days,SEIRb full
S33,0.28377,0.387543,84.0561,Mid-120 days,SEIRb full
S34,0.54806,0.738742,96.6959,Mid-120 days,SEIRb full
S35,0.465176,0.721593,89.3678,Mid-120 days,SEIRb full
S36,0.435488,0.536263,95.4455,Mid-120 days,SEIRb full
S37,0.411912,0.801653,100,Mid-120 days,SEIRb full
S38,0.330132,0.648513,100,Mid-120 days,SEIRb full
S39,0.48921,0.460856,51.1358,Mid-120 days,SEIRb full
S40,0.38502,0.392688,24.4688,Mid-120 days,SEIRb full
S41,0.412116,0.382188,8.43304,Mid-120 days,SEIRb full
S42,0.317848,0.443742,100,Mid-120 days,SEIRb full
S43,0.47863,0.678664,100,Mid-120 days,SEIRb full
S44,0.485313,0.420387,35.0505,Mid-120 days,SEIRb full
S45,0.49773,0.648253,86.7456,Mid-120 days,SEIRb full
S46,0.331846,0.285226,81.8056,Mid-120 days,SEIRb full
S47,0.411921,0.627369,100,Mid-120 days,SEIRb full
S48,0.342112,0.613321,100,Mid-120 days,SEIRb full
S49,0.43889,0.553132,100,Mid-120 days,SEIRb full
S50,0.300296,0.351415,89.226,Mid-120 days,SEIRb full
S51,0.355721,0.569739,100,Mid-120 days,SEIRb full
S52,0.448669,0.488271,52.1076,Mid-120 days,SEIRb full
S53,0.516817,0.696423,90.1439,Mid-120 days,SEIRb full
S54,0.392865,0.408356,39.4244,Mid-120 days,SEIRb full
S55,0.336505,0.370086,23.7911,Mid-120 days,SEIRb full
S56,0.527929,0.482764,47.0384,Mid-120 days,SEIRb full
S57,0.317953,0.22907,65.4931,Mid-120 days,SEIRb full
S58,0.335773,0.705244,92.5683,Mid-120 days,SEIRb full
S59,0.320139,0.578278,86.3508,Mid-120 days,SEIRb full
S60,0.405181,0.395256,39.8197,Mid-120 days,SEIRb full
S61,0.348164,0.3065,33.4243,Mid-120 days,SEIRb full
S62,0.335016,0.187995,10.9462,Mid-120 days,SEIRb full
S63,0.355801,0.354062,100,Mid-120 days,SEIRb full
S64,0.330016,0.694687,96.3282,Mid-120 days,SEIRb full
S65,0.492099,0.673576,96.2182,Mid-120 days,SEIRb full
S66,0.35932,0.485599,100,Mid-120 days,SEIRb full
S67,0.378394,0.644081,100,Mid-120 days,SEIRb full
S68,0.3962,0.641501,100,Mid-120 days,SEIRb full
S69,0.435334,0.37408,35.4705,Mid-120 days,SEIRb full
S70,0.350212,0.468631,100,Mid-120 days,SEIRb full
S71,0.445428,0.823726,98.7804,Mid-120 days,SEIRb full
S72,0.487033,0.747439,97.2759,Mid-120 days,SEIRb full
S73,0.31928,0.445424,96.4264,Mid-120 days,SEIRb full
S74,0.330535,0.333268,35.6598,Mid-120 days,SEIRb full
S75,0.475766,0.676916,92.2142,Mid-120 days,SEIRb full
S76,0.322765,0.514123,100,Mid-120 days,SEIRb full
S77,0.303558,0.205608,22.6342,Mid-120 days,SEIRb full
S78,0.417995,0.450664,50.7287,Mid-120 days,SEIRb full
S79,0.569226,0.529698,52.4759,Mid-120 days,SEIRb full
S80,0.400028,0.708409,100,Mid-120 days,SEIRb full
S81,0.336844,0.576506,100,Mid-120 days,SEIRb full
S82,0.365669,0.337872,36.0463,Mid-120 days,SEIRb full
S83,0.44516,0.681601,91.5631,Mid-120 days,SEIRb full
S84,0.300657,0.196839,8.45643,Mid-120 days,SEIRb full
S85,0.395297,0.505149,48.1379,Mid-120 days,SEIRb full
S86,0.454189,0.474425,59.2842,Mid-120 days,SEIRb full
S87,0.491983,0.527659,68.7836,Mid-120 days,SEIRb full
S88,0.351462,0.661113,100,Mid-120 days,SEIRb full
S89,0.346913,0.594147,100,Mid-120 days,SEIRb full
S90,0.400258,0.703209,100,Mid-120 days,SEIRb full
S91,0.403557,0.365065,35.0675,Mid-120 days,SEIRb full
S92,0.458846,0.468393,47.4625,Mid-120 days,SEIRb full
S93,0.41711,0.788518,98.9779,Mid-120 days,SEIRb full
S94,0.355711,0.534355,100,Mid-120 days,SEIRb full
S95,0.366728,0.63222,100,Mid-120 days,SEIRb full
S96,0.304637,0.229654,7.39024,Mid-120 days,SEIRb full
S97,0.480896,0.637035,99.8005,Mid-120 days,SEIRb full
S98,0.372589,0.67813,100,Mid-120 days,SEIRb full
S99,0.318239,0.278511,9.00838,Mid-120 days,SEIRb full
S100,0.34171,0.669739,100,Mid-120 days,SEIRb full
S1,0.311767,0.327393,36.3776,Late-365 days,SEIRb full
S2,0.504708,0.547568,54.4546,Late-365 days,SEIRb full
S3,0.383155,0.525559,61.8816,Late-365 days,SEIRb full
S4,0.421456,0.418774,68.1545,Late-365 days,SEIRb full
S5,0.423634,0.560938,70.7737,Late-365 days,SEIRb full
S6,0.403757,0.489678,58.3831,Late-365 days,SEIRb full
S7,0.445834,0.328643,39.9986,Late-365 days,SEIRb full
S8,0.434687,0.517332,45.2934,Late-365 days,SEIRb full
S9,0.55605,0.482992,31.2483,Late-365 days,SEIRb full
S10,0.374792,0.531531,51.073,Late-365 days,SEIRb full
S11,0.356124,0.482671,71.2336,Late-365 days,SEIRb full
S12,0.610118,0.410839,30.3832,Late-365 days,SEIRb full
S13,0.516364,0.634733,55.5111,Late-365 days,SEIRb full
S14,0.403474,0.472013,70.7725,Late-365 days,SEIRb full
S15,0.347588,0.480351,74.9338,Late-365 days,SEIRb full
S16,0.402311,0.508554,74.7228,Late-365 days,SEIRb full
S17,0.36881,0.650601,71.5574,Late-365 days,SEIRb full
S18,0.294259,0.441852,49.7029,Late-365 days,SEIRb full
S19,0.455847,0.455399,55.036,Late-365 days,SEIRb full
S20,0.355514,0.383212,63.4006,Late-365 days,SEIRb full
S21,0.474023,0.4863,69.6105,Late-365 days,SEIRb full
S22,0.422481,0.566479,57.3386,Late-365 days,SEIRb full
S23,0.39973,0.549937,53.7072,Late-365 days,SEIRb full
S24,0.458065,0.56054,71.1029,Late-365 days,SEIRb full
S25,0.38378,0.481554,51.5921,Late-365 days,SEIRb full
S26,0.328051,0.393252,56.0659,Late-365 days,SEIRb full
S27,0.544002,0.390498,29.1948,Late-365 days,SEIRb full
S28,0.380877,0.376216,48.0219,Late-365 days,SEIRb full
S29,0.377615,0.428527,45.6244,Late-365 days,SEIRb full
S30,0.308972,0.524152,57.3802,Late-365 days,SEIRb full
S31,0.453426,0.436317,75.1412,Late-365 days,SEIRb full
S32,0.425246,0.369527,33.8948,Late-365 days,SEIRb full
S33,0.287463,0.291339,54.4817,Late-365 days,SEIRb full
S34,0.543475,0.367202,33.6932,Late-365 days,SEIRb full
S35,0.462215,0.397151,34.4418,Late-365 days,SEIRb full
S36,0.434754,0.472814,81.8623,Late-365 days,SEIRb full
S37,0.418892,0.52156,66.5796,Late-365 days,SEIRb full
S38,0.332154,0.353529,43.1335,Late-365 days,SEIRb full
S39,0.48839,0.584256,69.1112,Late-365 days,SEIRb full
S40,0.386559,0.459753,30.3949,Late-365 days,SEIRb full
S41,0.399966,0.610328,19.7132,Late-365 days,SEIRb full
S42,0.321017,0.351131,73.0989,Late-365 days,SEIRb full
S43,0.474107,0.352815,37.0138,Late-365 days,SEIRb full
S44,0.485193,0.644225,62.209,Late-365 days,SEIRb full
S45,0.495362,0.350982,31.7848,Late-365 days,SEIRb full
S46,0.333575,0.295763,80.0124,Late-365 days,SEIRb full
S47,0.409832,0.54282,82.0192,Late-365 days,SEIRb full
S48,0.343638,0.419276,63.7188,Late-365 days,SEIRb full
S49,0.434809,0.303649,39.7644,Late-365 days,SEIRb full
S50,0.305565,0.276383,54.7092,Late-365 days,SEIRb full
S51,0.355665,0.45849,76.5689,Late-365 days,SEIRb full
S52,0.455878,0.488672,56.5179,Late-365 days,SEIRb full
S53,0.506479,0.842024,100,Late-365 days,SEIRb full
S54,0.391432,0.484531,48.7826,Late-365 days,SEIRb full
S55,0.349212,0.584451,56.606,Late-365 days,SEIRb full
S56,0.524152,0.435877,31.6291,Late-365 days,SEIRb full
S57,0.32169,0.259267,67.7375,Late-365 days,SEIRb full
S58,0.335353,0.628009,84.5504,Late-365 days,SEIRb full
S59,0.321394,0.440301,66.9159,Late-365 days,SEIRb full
S60,0.40153,0.432413,37.7478,Late-365 days,SEIRb full
S61,0.349358,0.388341,44.1526,Late-365 days,SEIRb full
S62,0.327299,0.48386,62.1766,Late-365 days,SEIRb full
S63,0.355749,0.34994,95.2819,Late-365 days,SEIRb full
S64,0.330099,0.369734,38.4381,Late-365 days,SEIRb full
S65,0.487582,0.561529,73.6675,Late-365 days,SEIRb full
S66,0.361031,0.326245,59.8375,Late-365 days,SEIRb full
S67,0.377319,0.444184,63.395,Late-365 days,SEIRb full
S68,0.39644,0.547096,84.9668,Late-365 days,SEIRb full
S69,0.431596,0.61283,65.761,Late-365 days,SEIRb full
S70,0.351413,0.332252,63.1738,Late-365 days,SEIRb full
S71,0.444617,0.666988,78.1005,Late-365 days,SEIRb full
S72,0.487306,0.567088,71.5753,Late-365 days,SEIRb full
S73,0.321891,0.334012,65.099,Late-365 days,SEIRb full
S74,0.329421,0.450945,50.5534,Late-365 days,SEIRb full
S75,0.475935,0.539534,72.023,Late-365 days,SEIRb full
S76,0.32538,0.331665,55.9564,Late-365 days,SEIRb full
S77,0.300825,0.337884,43.9088,Late-365 days,SEIRb full
S78,0.421145,0.476754,55.3989,Late-365 days,SEIRb full
S79,0.565128,0.664359,64.5353,Late-365 days,SEIRb full
S80,0.403727,0.411629,53.4718,Late-365 days,SEIRb full
S81,0.335862,0.343079,49.0759,Late-365 days,SEIRb full
S82,0.365047,0.488353,61.0602,Late-365 days,SEIRb full
S83,0.449318,0.452251,57.7071,Late-365 days,SEIRb full
S84,0.289999,0.405795,42.9523,Late-365 days,SEIRb full
S85,0.403288,0.422731,38.4514,Late-365 days,SEIRb full
S86,0.453254,0.482404,58.0514,Late-365 days,SEIRb full
S87,0.487436,0.375519,34.712,Late-365 days,SEIRb full
S88,0.353866,0.379252,48.303,Late-365 days,SEIRb full
S89,0.348353,0.35747,51.7335,Late-365 days,SEIRb full
S90,0.400148,0.550416,76.4306,Late-365 days,SEIRb full
S91,0.399275,0.392021,30.2509,Late-365 days,SEIRb full
S92,0.455046,0.667344,68.771,Late-365 days,SEIRb full
S93,0.418667,0.525108,63.0263,Late-365 days,SEIRb full
S94,0.358342,0.350876,60.0438,Late-365 days,SEIRb full
S95,0.369237,0.433918,65.5948,Late-365 days,SEIRb full
S96,0.306025,0.412517,21.4743,Late-365 days,SEIRb full
S97,0.479757,0.322817,37.6741,Late-365 days,SEIRb full
S98,0.376705,0.418051,58.7061,Late-365 days,SEIRb full
S99,0.324925,0.409021,16.7535,Late-365 days,SEIRb full
S100,0.346874,0.395684,56.2995,Late-365 days,SEIRb full
